Berlin	Berlin	Berlin	https://raw.githubusercontent.com/Prasadmadhusanka/pm-data-files/main/images/german_city_flags/Flag_of_Berlin.svg	SRID=4326;POINT(13.405 52.52)
Hamburg	Hamburg	Hamburg	https://raw.githubusercontent.com/Prasadmadhusanka/pm-data-files/main/images/german_city_flags/Flag_of_Hamburg.svg	SRID=4326;POINT(9.9937 53.5511)
Munich	Munich	Bavaria	https://raw.githubusercontent.com/Prasadmadhusanka/pm-data-files/main/images/german_city_flags/Flag_of_Munich.svg	SRID=4326;POINT(11.582 48.1351)
Colonge	Colonge	North Rhine-Westphalia	https://raw.githubusercontent.com/Prasadmadhusanka/pm-data-files/main/images/german_city_flags/Flag_of_Colonge.svg	SRID=4326;POINT(6.9603 50.9375)
Frankfurt_am_Main	Frankfurt am Main	Hesse	https://raw.githubusercontent.com/Prasadmadhusanka/pm-data-files/main/images/german_city_flags/Flag_of_Frankfurt_am_Main.svg	SRID=4326;POINT(8.6821 50.1109)
Stuttgart	Stuttgart	Baden-Württemberg	https://raw.githubusercontent.com/Prasadmadhusanka/pm-data-files/main/images/german_city_flags/Flag_of_Stuttgart.svg	SRID=4326;POINT(9.1829 48.7758)
Düsseldorf	Düsseldorf	North Rhine-Westphalia	https://raw.githubusercontent.com/Prasadmadhusanka/pm-data-files/main/images/german_city_flags/Flag_of_Düsseldorf.svg	SRID=4326;POINT(6.7735 51.2277)
Leipzig	Leipzig	Saxony	https://raw.githubusercontent.com/Prasadmadhusanka/pm-data-files/main/images/german_city_flags/Flag_of_Leipzig.svg	SRID=4326;POINT(12.3731 51.3397)
Dortmund	Dortmund	North Rhine-Westphalia	https://raw.githubusercontent.com/Prasadmadhusanka/pm-data-files/main/images/german_city_flags/Flag_of_Dortmund.svg	SRID=4326;POINT(7.4653 51.5136)
Essen	Essen	North Rhine-Westphalia	https://raw.githubusercontent.com/Prasadmadhusanka/pm-data-files/main/images/german_city_flags/Flag_of_Essen.svg	SRID=4326;POINT(7.0123 51.4556)
Bremen	Bremen	Bremen	https://raw.githubusercontent.com/Prasadmadhusanka/pm-data-files/main/images/german_city_flags/Flag_of_Bremen.svg	SRID=4326;POINT(8.8017 53.0793)
Dresden	Dresden	Saxony	https://raw.githubusercontent.com/Prasadmadhusanka/pm-data-files/main/images/german_city_flags/Flag_of_Dresden.svg	SRID=4326;POINT(13.7373 51.0504)
Hannover	Hannover	Lower Saxony	https://raw.githubusercontent.com/Prasadmadhusanka/pm-data-files/main/images/german_city_flags/Flag_of_Hannover.svg	SRID=4326;POINT(9.732 52.3759)
Nuremberg	Nuremberg	Bavaria	https://raw.githubusercontent.com/Prasadmadhusanka/pm-data-files/main/images/german_city_flags/Flag_of_Nuremberg.svg	SRID=4326;POINT(11.0733 49.4506)
Duisburg	Duisburg	North Rhine-Westphalia	https://raw.githubusercontent.com/Prasadmadhusanka/pm-data-files/main/images/german_city_flags/Flag_of_Duisburg.svg	SRID=4326;POINT(6.7623 51.4344)
Bochum	Bochum	North Rhine-Westphalia	https://raw.githubusercontent.com/Prasadmadhusanka/pm-data-files/main/images/german_city_flags/Flag_of_Bochum.svg	SRID=4326;POINT(7.2162 51.4818)
Wuppertal	Wuppertal	North Rhine-Westphalia	https://raw.githubusercontent.com/Prasadmadhusanka/pm-data-files/main/images/german_city_flags/Flag_of_Wuppertal.svg	SRID=4326;POINT(7.1508 51.2562)
Bielefeld	Bielefeld	North Rhine-Westphalia	https://raw.githubusercontent.com/Prasadmadhusanka/pm-data-files/main/images/german_city_flags/Flag_of_Bielefeld.svg	SRID=4326;POINT(8.5325 52.0302)
Bonn	Bonn	North Rhine-Westphalia	https://raw.githubusercontent.com/Prasadmadhusanka/pm-data-files/main/images/german_city_flags/Flag_of_Bonn.svg	SRID=4326;POINT(7.0982 50.7374)
Münster	Münster	North Rhine-Westphalia	https://raw.githubusercontent.com/Prasadmadhusanka/pm-data-files/main/images/german_city_flags/Flag_of_Münster.svg	SRID=4326;POINT(7.6296 51.9607)
Mannheim	Mannheim	Baden-Württemberg	https://raw.githubusercontent.com/Prasadmadhusanka/pm-data-files/main/images/german_city_flags/Flag_of_Mannheim.svg	SRID=4326;POINT(8.467 49.4875)
Karlsruhe	Karlsruhe	Baden-Württemberg	https://raw.githubusercontent.com/Prasadmadhusanka/pm-data-files/main/images/german_city_flags/Flag_of_Karlsruhe.svg	SRID=4326;POINT(8.4037 49.0069)
Augsburg	Augsburg	Bavaria	https://raw.githubusercontent.com/Prasadmadhusanka/pm-data-files/main/images/german_city_flags/Flag_of_Augsburg.svg	SRID=4326;POINT(10.8978 48.3705)
Wiesbaden	Wiesbaden	Hesse	https://raw.githubusercontent.com/Prasadmadhusanka/pm-data-files/main/images/german_city_flags/Flag_of_Wiesbaden.svg	SRID=4326;POINT(8.2415 50.0782)
Mönchengladbach	Mönchengladbach	North Rhine-Westphalia	https://raw.githubusercontent.com/Prasadmadhusanka/pm-data-files/main/images/german_city_flags/Flag_of_Mönchengladbach.svg	SRID=4326;POINT(6.4417 51.1805)
Gelsenkirchen	Gelsenkirchen	North Rhine-Westphalia	https://raw.githubusercontent.com/Prasadmadhusanka/pm-data-files/main/images/german_city_flags/Flag_of_Gelsenkirchen.svg	SRID=4326;POINT(7.1006 51.5111)
Aachen	Aachen	North Rhine-Westphalia	https://raw.githubusercontent.com/Prasadmadhusanka/pm-data-files/main/images/german_city_flags/Flag_of_Aachen.svg	SRID=4326;POINT(6.0839 50.7753)
Braunschweig	Braunschweig	Lower Saxony	https://raw.githubusercontent.com/Prasadmadhusanka/pm-data-files/main/images/german_city_flags/Flag_of_Braunschweig.svg	SRID=4326;POINT(10.5268 52.2689)
Kiel	Kiel	Schleswig-Holstein	https://raw.githubusercontent.com/Prasadmadhusanka/pm-data-files/main/images/german_city_flags/Flag_of_Kiel.svg	SRID=4326;POINT(10.1228 54.3233)
Chemnitz	Chemnitz	Saxony	https://raw.githubusercontent.com/Prasadmadhusanka/pm-data-files/main/images/german_city_flags/Flag_of_Chemnitz.svg	SRID=4326;POINT(12.9253 50.8278)
Halle 	Halle 	Saxony-Anhalt	https://raw.githubusercontent.com/Prasadmadhusanka/pm-data-files/main/images/german_city_flags/Flag_of_Halle.svg	SRID=4326;POINT(11.9688 51.4969)
Magdeburg	Magdeburg	Saxony-Anhalt	https://raw.githubusercontent.com/Prasadmadhusanka/pm-data-files/main/images/german_city_flags/Flag_of_Magdeburg.svg	SRID=4326;POINT(11.6276 52.1205)
Freiburg_im_Breisgau	Freiburg im Breisgau	Baden-Württemberg	https://raw.githubusercontent.com/Prasadmadhusanka/pm-data-files/main/images/german_city_flags/Flag_of_Freiburg_im_Breisgau.svg	SRID=4326;POINT(7.8522 47.999)
Krefeld	Krefeld	North Rhine-Westphalia	https://raw.githubusercontent.com/Prasadmadhusanka/pm-data-files/main/images/german_city_flags/Flag_of_Krefeld.svg	SRID=4326;POINT(6.5794 51.3388)
Mainz	Mainz	Rhineland-Palatinate	https://raw.githubusercontent.com/Prasadmadhusanka/pm-data-files/main/images/german_city_flags/Flag_of_Mainz.svg	SRID=4326;POINT(8.2473 49.9929)
Lübeck	Lübeck	Schleswig-Holstein	https://raw.githubusercontent.com/Prasadmadhusanka/pm-data-files/main/images/german_city_flags/Flag_of_Lübeck.svg	SRID=4326;POINT(10.6866 53.8655)
Erfurt	Erfurt	Thuringia	https://raw.githubusercontent.com/Prasadmadhusanka/pm-data-files/main/images/german_city_flags/Flag_of_Erfurt.svg	SRID=4326;POINT(11.0299 50.9848)
Oberhausen	Oberhausen	North Rhine-Westphalia	https://raw.githubusercontent.com/Prasadmadhusanka/pm-data-files/main/images/german_city_flags/Flag_of_Oberhausen.svg	SRID=4326;POINT(6.85222 51.4702)
Rostock	Rostock	Mecklenburg-Vorpommern	https://raw.githubusercontent.com/Prasadmadhusanka/pm-data-files/main/images/german_city_flags/Flag_of_Rostock.svg	SRID=4326;POINT(12.0991 54.0924)
Kassel	Kassel	Hesse	https://raw.githubusercontent.com/Prasadmadhusanka/pm-data-files/main/images/german_city_flags/Flag_of_Kassel.svg	SRID=4326;POINT(9.4797 51.3127)
Hagen	Hagen	North Rhine-Westphalia	https://raw.githubusercontent.com/Prasadmadhusanka/pm-data-files/main/images/german_city_flags/Flag_of_Hagen.svg	SRID=4326;POINT(7.4717 51.3671)
Potsdam	Potsdam	Brandenburg	https://raw.githubusercontent.com/Prasadmadhusanka/pm-data-files/main/images/german_city_flags/Flag_of_Potsdam.svg	SRID=4326;POINT(13.0645 52.3906)
Saarbrücken	Saarbrücken	Saarland	https://raw.githubusercontent.com/Prasadmadhusanka/pm-data-files/main/images/german_city_flags/Flag_of_Saarbrücken.svg	SRID=4326;POINT(6.9969 49.2402)
Hamm	Hamm	North Rhine-Westphalia	https://raw.githubusercontent.com/Prasadmadhusanka/pm-data-files/main/images/german_city_flags/Flag_of_Hamm.svg	SRID=4326;POINT(7.808 51.6806)
Ludwigshafen_am_Rhein	Ludwigshafen am Rhein	North Rhine-Westphalia	https://raw.githubusercontent.com/Prasadmadhusanka/pm-data-files/main/images/german_city_flags/Flag_of_Ludwigshafen_am_Rhein.svg	SRID=4326;POINT(8.4464 49.4774)
Mülheim_an_der_Ruhr	Mülheim an der Ruhr	North Rhine-Westphalia	https://raw.githubusercontent.com/Prasadmadhusanka/pm-data-files/main/images/german_city_flags/Flag_of_Mülheim_an_der_Ruhr.svg	SRID=4326;POINT(6.8827 51.427)
Oldenburg	Oldenburg	Lower Saxony	https://raw.githubusercontent.com/Prasadmadhusanka/pm-data-files/main/images/german_city_flags/Flag_of_Oldenburg.svg	SRID=4326;POINT(8.2146 53.1435)
Osnabrück	Osnabrück	Lower Saxony	https://raw.githubusercontent.com/Prasadmadhusanka/pm-data-files/main/images/german_city_flags/Flag_of_Osnabrück.svg	SRID=4326;POINT(8.0472 52.2799)
Leverkusen	Leverkusen	North Rhine-Westphalia	https://raw.githubusercontent.com/Prasadmadhusanka/pm-data-files/main/images/german_city_flags/Flag_of_Leverkusen.svg	SRID=4326;POINT(7.0038 51.0459)
Darmstadt	Darmstadt	Hesse	https://raw.githubusercontent.com/Prasadmadhusanka/pm-data-files/main/images/german_city_flags/Flag_of_Darmstadt.svg	SRID=4326;POINT(8.6512 49.8728)
Heidelberg	Heidelberg	Baden-Württemberg	https://raw.githubusercontent.com/Prasadmadhusanka/pm-data-files/main/images/german_city_flags/Flag_of_Heidelberg.svg	SRID=4326;POINT(8.6908 49.3988)
Solingen	Solingen	North Rhine-Westphalia	https://raw.githubusercontent.com/Prasadmadhusanka/pm-data-files/main/images/german_city_flags/Flag_of_Solingen.svg	SRID=4326;POINT(7.083 51.165)
Herne	Herne	North Rhine-Westphalia	https://raw.githubusercontent.com/Prasadmadhusanka/pm-data-files/main/images/german_city_flags/Flag_of_Herne.svg	SRID=4326;POINT(7.2197 51.5369)
Regensburg	Regensburg	Bavaria	https://raw.githubusercontent.com/Prasadmadhusanka/pm-data-files/main/images/german_city_flags/Flag_of_Regensburg.svg	SRID=4326;POINT(12.1016 49.0134)
Neuss	Neuss	North Rhine-Westphalia	https://raw.githubusercontent.com/Prasadmadhusanka/pm-data-files/main/images/german_city_flags/Flag_of_Neuss.svg	SRID=4326;POINT(6.6917 51.2042)
Paderborn	Paderborn	North Rhine-Westphalia	https://raw.githubusercontent.com/Prasadmadhusanka/pm-data-files/main/images/german_city_flags/Flag_of_Paderborn.svg	SRID=4326;POINT(8.7544 51.7189)
Ingolstadt	Ingolstadt	Bavaria	https://raw.githubusercontent.com/Prasadmadhusanka/pm-data-files/main/images/german_city_flags/Flag_of_Ingolstadt.svg	SRID=4326;POINT(11.4257 48.7651)
Offenbach_am_Main	Offenbach am Main	Hesse	https://raw.githubusercontent.com/Prasadmadhusanka/pm-data-files/main/images/german_city_flags/Flag_of_Offenbach_am_Main.svg	SRID=4326;POINT(8.7665 50.0956)
Fürth	Fürth	Bavaria	https://raw.githubusercontent.com/Prasadmadhusanka/pm-data-files/main/images/german_city_flags/Flag_of_Fürth.svg	SRID=4326;POINT(10.9887 49.4773)
Ulm	Ulm	Baden-Württemberg	https://raw.githubusercontent.com/Prasadmadhusanka/pm-data-files/main/images/german_city_flags/Flag_of_Ulm.svg	SRID=4326;POINT(9.9934 48.4011)
Würzburg	Würzburg	Bavaria	https://raw.githubusercontent.com/Prasadmadhusanka/pm-data-files/main/images/german_city_flags/Flag_of_Würzburg.svg	SRID=4326;POINT(9.958 49.7913)
Heilbronn	Heilbronn	Baden-Württemberg	https://raw.githubusercontent.com/Prasadmadhusanka/pm-data-files/main/images/german_city_flags/Flag_of_Heilbronn.svg	SRID=4326;POINT(9.2205 49.1427)
Pforzheim	Pforzheim	Baden-Württemberg	https://raw.githubusercontent.com/Prasadmadhusanka/pm-data-files/main/images/german_city_flags/Flag_of_Pforzheim.svg	SRID=4326;POINT(8.6947 48.8847)
Wolfsburg	Wolfsburg	Lower Saxony	https://raw.githubusercontent.com/Prasadmadhusanka/pm-data-files/main/images/german_city_flags/Flag_of_Wolfsburg.svg	SRID=4326;POINT(10.7865 52.4227)
Bottrop	Bottrop	North Rhine-Westphalia	https://raw.githubusercontent.com/Prasadmadhusanka/pm-data-files/main/images/german_city_flags/Flag_of_Bottrop.svg	SRID=4326;POINT(6.9285 51.5232)
Göttingen	Göttingen	Lower Saxony	https://raw.githubusercontent.com/Prasadmadhusanka/pm-data-files/main/images/german_city_flags/Flag_of_Göttingen.svg	SRID=4326;POINT(9.934 51.5413)
Reutlingen	Reutlingen	Baden-Württemberg	https://raw.githubusercontent.com/Prasadmadhusanka/pm-data-files/main/images/german_city_flags/Flag_of_Reutlingen.svg	SRID=4326;POINT(9.2109 48.4914)
Koblenz	Koblenz	Rhineland-Palatinate	https://raw.githubusercontent.com/Prasadmadhusanka/pm-data-files/main/images/german_city_flags/Flag_of_Koblenz.svg	SRID=4326;POINT(7.5889 50.3569)
Erlangen	Erlangen	Bavaria	https://raw.githubusercontent.com/Prasadmadhusanka/pm-data-files/main/images/german_city_flags/Flag_of_Erlangen.svg	SRID=4326;POINT(11.0038 49.5897)
Bremerhaven	Bremerhaven	Bremen	https://raw.githubusercontent.com/Prasadmadhusanka/pm-data-files/main/images/german_city_flags/Flag_of_Bremerhaven.svg	SRID=4326;POINT(8.5775 53.5396)
Remscheid	Remscheid	North Rhine-Westphalia	https://raw.githubusercontent.com/Prasadmadhusanka/pm-data-files/main/images/german_city_flags/Flag_of_Remscheid.svg	SRID=4326;POINT(7.1925 51.1787)
Bergisch_Gladbach	Bergisch Gladbach	North Rhine-Westphalia	https://raw.githubusercontent.com/Prasadmadhusanka/pm-data-files/main/images/german_city_flags/Flag_of_Bergisch_Gladbach.svg	SRID=4326;POINT(7.136 50.9853)
Recklinghausen	Recklinghausen	North Rhine-Westphalia	https://raw.githubusercontent.com/Prasadmadhusanka/pm-data-files/main/images/german_city_flags/Flag_of_Recklinghausen.svg	SRID=4326;POINT(7.197 51.6141)
Trier	Trier	Rhineland-Palatinate	https://raw.githubusercontent.com/Prasadmadhusanka/pm-data-files/main/images/german_city_flags/Flag_of_Trier.svg	SRID=4326;POINT(6.6413 49.7499)
Jena	Jena	Thuringia	https://raw.githubusercontent.com/Prasadmadhusanka/pm-data-files/main/images/german_city_flags/Flag_of_Jena.svg	SRID=4326;POINT(11.586 50.9271)
Moers	Moers	North Rhine-Westphalia	https://raw.githubusercontent.com/Prasadmadhusanka/pm-data-files/main/images/german_city_flags/Flag_of_Moers.svg	SRID=4326;POINT(6.6278 51.4592)
Salzgitter	Salzgitter	Lower Saxony	https://raw.githubusercontent.com/Prasadmadhusanka/pm-data-files/main/images/german_city_flags/Flag_of_Salzgitter.svg	SRID=4326;POINT(10.3341 52.1605)
Siegen	Siegen	North Rhine-Westphalia	https://raw.githubusercontent.com/Prasadmadhusanka/pm-data-files/main/images/german_city_flags/Flag_of_Siegen.svg	SRID=4326;POINT(8.024 50.8748)
Gütersloh	Gütersloh	North Rhine-Westphalia	https://raw.githubusercontent.com/Prasadmadhusanka/pm-data-files/main/images/german_city_flags/Flag_of_Gütersloh.svg	SRID=4326;POINT(8.3858 51.904)
Hildesheim	Hildesheim	Lower Saxony	https://raw.githubusercontent.com/Prasadmadhusanka/pm-data-files/main/images/german_city_flags/Flag_of_Hildesheim.svg	SRID=4326;POINT(9.9534 52.1548)
